reason_count,reason_families,exclusive_pattern,case,case_type,component_categories,status,errors,warnings,roi_boundary_normalized_lines,standard_format,live_format,standard_width,standard_height,standard_channels,live_width,live_height,live_channels,roi_count,standard_brightness,live_brightness,standard_contrast,live_contrast,standard_sharpness,live_sharpness,brightness_delta,contrast_delta,sharpness_delta,raw_luma_mad,aspect_ratio_delta,mean_roi_relative_area,mean_roi_aspect_ratio,standard_keypoints,live_keypoints,feature_match_count,inlier_count,inlier_rate,reprojection_error_pixels,spatial_coverage,center_displacement_pixels,center_displacement_relative_diagonal,corner_displacement_median_pixels,projected_corners_in_live_frame,projected_area_ratio,projected_geometry_valid,alignment_diagnostic,alignment_diagnostic_reasons,homography_available,ecc_converged,ecc_correlation,valid_overlap_available,valid_overlap_ratio
4,ecc_quality|global_geometry|match_support,multiple_or_other_evidence,110kV光明站-#2主变_上方构架绝缘子_日常,日常,185,valid,,,0,jpg,jpg,1920,1080,3,1920,1080,3,3,93.44443432,135.0062731,43.46066207,54.36073879,788.0948798,1577.913768,41.56183883,10.90007673,789.8188884,83.40139034,0,0.02468037287,0.4259218127,2000,2000,6,4,0.6666666667,0,0.06941189556,313.3759816,0.1422556456,3057.871281,2,0.7914379215,true,unreliable,feature matches below diagnostic minimum (12); inliers below diagnostic minimum (8); valid overlap below diagnostic minimum (0.60); ECC correlation below diagnostic minimum after convergence (0.20),true,true,0.1676258416,true,0.3731187307
4,ecc_quality|global_geometry|match_support|spatial_support,multiple_or_other_evidence,110kV石岩站-#3主变_变高中性点套管接线掌_测温,测温,288,valid,,,0,jpg,jpg,1920,1080,3,1920,1080,3,1,132.3204181,115.8600473,59.20514838,72.15184874,340.3060388,195.6020365,16.46037085,12.94670036,144.7040022,74.58024161,0,0.9233695497,1.017657903,2000,2000,37,10,0.2702702703,1.261870248,0.007470625448,1057.482992,0.480039743,956.6896681,0,2.516259935,true,unreliable,inlier rate below diagnostic minimum (0.40); inlier spatial coverage below diagnostic minimum (0.02); valid overlap below diagnostic minimum (0.60); ECC correlation below diagnostic minimum after convergence (0.20),true,true,0.06781826486,true,0.263791956
3,global_geometry|match_support|spatial_support,multiple_or_other_evidence,110kV新玉站-#1主变_B相变高套管_日常,日常,178|179,valid,,,0,jpg,jpg,1920,1080,3,1920,1080,3,2,112.3502821,116.8100873,63.08442729,53.07838801,1206.698022,2511.198123,4.45980517,10.00603929,1304.500101,62.70991609,0,0.05772663226,0.9807302403,2000,2000,12,7,0.5833333333,0.453963364,0.005757832174,530.1939055,0.2406791864,869.7452858,3,0.1397601602,true,unreliable,"inliers below diagnostic minimum (8); inlier spatial coverage below diagnostic minimum (0.02); projected area ratio outside diagnostic range [0.20, 5.00]",true,false,,true,0.9906090856
3,ecc_quality|match_support|spatial_support,multiple_or_other_evidence,220kV简龙站-2201开关CT_B相开关本体_日常,日常,332|333,valid,,,0,jpg,jpg,1920,1080,3,1920,1080,3,3,116.1268031,111.7395886,63.14734418,70.45702295,6577.199882,6745.955649,4.387214506,7.309678769,168.7557671,74.59837674,0,0.00196983233,0.2651976234,2000,2000,16,7,0.4375,0.455024503,0.009001736111,11.61277793,0.005271569357,123.0316066,1,1.169158726,true,unreliable,inliers below diagnostic minimum (8); inlier spatial coverage below diagnostic minimum (0.02); ECC correlation below diagnostic minimum after convergence (0.20),true,true,0.07047666457,true,0.8695621142
2,ecc_quality|spatial_support,low_ecc_and_low_spatial_coverage,110kV塘尾站-#3主变_调压开关顶盖_日常,日常,201,valid,,,0,jpg,jpg,1920,1080,3,1920,1080,3,1,116.2175863,109.2876037,59.44404194,72.83228515,1003.801908,1317.995258,6.929982639,13.38824322,314.1933493,74.01009645,0,0.02425060892,1.936043031,2000,2000,140,124,0.8857142857,0.356233459,0.002719545448,62.02148595,0.02815438017,94.85076547,1,1.218311077,true,unreliable,inlier spatial coverage below diagnostic minimum (0.02); ECC correlation below diagnostic minimum after convergence (0.20),true,true,0.1935165076,true,0.8447767168
2,ecc_quality|spatial_support,low_ecc_and_low_spatial_coverage,110kV布吉站-110kV1M构架,UNSPECIFIED,287,valid,,ROI boundary normalized at line 1,1,jpg,jpg,1920,1080,3,1920,1080,3,1,115.3146571,97.03209394,54.12451634,93.55353386,259.7468235,3021.543557,18.28256318,39.42901752,2761.796733,87.48634597,0,0.9193289509,1.069941895,2000,2000,96,89,0.9270833333,0.4320077816,0.01040586806,23.59667248,0.01071160546,36.17034973,3,0.9232092961,true,unreliable,inlier spatial coverage below diagnostic minimum (0.02); ECC correlation below diagnostic minimum after convergence (0.20),true,true,0.1575640865,true,0.9998341049
2,ecc_quality|spatial_support,low_ecc_and_low_spatial_coverage,110kV新玉站-1101开关_出线穿墙套管_日常,日常,231,valid,,,0,jpg,jpg,1920,1080,3,1920,1080,3,1,69.79896605,105.0869305,53.26800335,63.73828847,289.6250521,288.0595944,35.28796441,10.47028511,1.565457666,66.65705874,0,0.1172470765,0.3966440373,2000,1989,752,708,0.9414893617,0.1041415571,0.01995098402,3.463855674,0.001572402015,4.274896273,2,0.9866753483,true,unreliable,inlier spatial coverage below diagnostic minimum (0.02); ECC correlation below diagnostic minimum after convergence (0.20),true,true,0.1535376653,true,1
2,ecc_quality|spatial_support,low_ecc_and_low_spatial_coverage,110kV沙头角站-110kV高压场地__守望位,守望位,287,valid,,,0,jpg,jpg,1920,1080,3,1920,1080,3,1,127.0554051,112.4458242,55.21930413,73.44073444,946.8262628,7222.449211,14.60958092,18.22143032,6275.622948,68.93805025,0,0.936378,1.067944783,1454,2000,167,160,0.9580838323,0.3881628864,0.01333365661,28.71690085,0.01303591056,33.19806736,3,0.9078701748,true,unreliable,inlier spatial coverage below diagnostic minimum (0.02); ECC correlation below diagnostic minimum after convergence (0.20),true,true,0.1269357582,true,0.9999782986
2,ecc_quality|spatial_support,low_ecc_and_low_spatial_coverage,110kV笋岗站-112000地刀_本体_位置,位置,264,valid,,,0,jpg,jpg,1920,1080,3,1920,1080,3,1,124.1236941,124.2157268,35.82905889,59.90355667,1110.67433,3766.535761,0.09203269676,24.07449778,2655.861431,52.06089554,0,0.2907825297,0.4154930251,2000,2000,22,14,0.6363636364,0.4367837184,0.005236256277,100.5134972,0.04562765901,140.7438392,2,0.6920442672,true,unreliable,inlier spatial coverage below diagnostic minimum (0.02); ECC correlation below diagnostic minimum after convergence (0.20),true,true,0.09076579471,true,0.9990981867
2,ecc_quality|match_support,multiple_or_other_evidence,110kV长流陂站-#3主变_变高穿墙套管B相接线掌_日常,日常,176,valid,,,0,jpg,jpg,1920,1080,3,1920,1080,3,1,111.6331568,130.1097772,33.43502662,53.13410064,1038.238111,2207.944719,18.47662037,19.69907403,1169.706608,52.72077257,0,0.09678680274,0.2357231923,2000,2000,71,20,0.2816901408,0.8087370811,0.2636081831,36.06111871,0.01636978589,75.84220665,0,1.144854608,true,unreliable,inlier rate below diagnostic minimum (0.40); ECC correlation below diagnostic minimum after convergence (0.20),true,true,0.15368268,true,0.8812471065
2,ecc_quality|spatial_support,low_ecc_and_low_spatial_coverage,220kV东湖站-2C4电容器组_串联电抗器3_测温,测温,287,valid,,,0,jpg,jpg,1920,1080,3,1920,1080,3,1,122.1689149,127.7203694,60.83315948,61.17698715,6278.313685,6742.050836,5.551454475,0.3438276695,463.7371514,66.30463542,0,0.9238142673,1.034904557,2000,2000,82,73,0.8902439024,0.3330108211,0.009082773128,27.37848495,0.01242834257,35.19330857,0,1.09844587,true,unreliable,inlier spatial coverage below diagnostic minimum (0.02); ECC correlation below diagnostic minimum after convergence (0.20),true,true,0.07517632411,true,0.9152155671
2,ecc_quality|global_geometry,multiple_or_other_evidence,220kV兴怀站-#1主变_变高升高座_日常,日常,279,valid,,,0,jpg,jpg,1920,1080,3,1920,1080,3,1,103.5798645,114.8209717,60.19101477,57.38161703,1036.008291,2528.027007,11.24110725,2.80939774,1492.018716,73.466576,0,0.2375146377,0.4217892133,2000,2000,25,14,0.56,0.5693626416,0.04453992946,601.2930801,0.2729543434,621.7406159,3,0.1917081826,true,unreliable,"projected area ratio outside diagnostic range [0.20, 5.00]; ECC correlation below diagnostic minimum after convergence (0.20)",true,true,0.05382998982,true,0.9917279128
2,ecc_quality|spatial_support,low_ecc_and_low_spatial_coverage,220kV奋进站-#1主变_C相变高套管_日常,日常,178|179,valid,,ROI boundary normalized at line 1,1,jpg,jpg,1920,1080,3,1920,1080,3,2,61.78973621,110.9530715,67.74498643,70.11007674,1080.704795,5165.142777,49.16333526,2.365090313,4084.437982,93.43038194,0,0.09308934333,0.7101145735,2000,2000,25,11,0.44,0.569177094,0.01259177039,262.0517931,0.1189572564,558.3494137,2,0.574943876,true,unreliable,inlier spatial coverage below diagnostic minimum (0.02); ECC correlation below diagnostic minimum after convergence (0.20),true,true,0.1470677861,true,0.9572352431
2,ecc_quality|spatial_support,low_ecc_and_low_spatial_coverage,220kV廷苑站-#2主变_B相变中套管_日常,日常,178|179,valid,,,0,jpg,jpg,1920,1080,3,1920,1080,3,2,88.45171971,100.6990601,61.75012069,92.85207768,796.7566876,2305.45011,12.24734037,31.10195699,1508.693423,84.19603057,0,0.08855659103,0.6702454438,2000,2000,20,15,0.75,0.3966132431,0.016471104,14.24419763,0.006466090728,32.98723813,2,0.9699859924,true,unreliable,inlier spatial coverage below diagnostic minimum (0.02); ECC correlation below diagnostic minimum after convergence (0.20),true,true,0.1665056821,true,0.9838541667
2,ecc_quality|spatial_support,low_ecc_and_low_spatial_coverage,220kV惠民站-#3主变_有载调压开关呼吸器_日常,日常,199,valid,,,0,jpg,jpg,1920,1080,3,1920,1080,3,1,90.20230179,104.8031631,69.39356974,66.42439784,1546.433764,4027.265503,14.6008613,2.9691719,2480.831739,77.30990644,0,0.006074157708,0.8657283049,2000,2000,116,92,0.7931034483,0.2528978743,0.00591514837,4.170879558,0.001893352391,7.070820973,3,0.9809996889,true,unreliable,inlier spatial coverage below diagnostic minimum (0.02); ECC correlation below diagnostic minimum after convergence (0.20),true,true,0.05576244755,true,0.9999609375
2,match_support|spatial_support,multiple_or_other_evidence,220kV简龙站-2423间隔_线路TYD端子箱_日常,日常,287,valid,,,0,jpg,jpg,1920,1080,3,1920,1080,3,1,107.3596803,124.7996788,68.88991592,57.55295607,4596.871159,3201.613899,17.43999855,11.33695985,1395.25726,59.70554543,0,0.939641,1.064236235,2000,2000,11,8,0.7272727273,0.5193871432,0.010533289,833.0202697,0.3781458797,1718.474962,3,0.2300075861,true,unreliable,feature matches below diagnostic minimum (12); inlier spatial coverage below diagnostic minimum (0.02),true,false,,true,0.9954282407
2,ecc_quality|spatial_support,low_ecc_and_low_spatial_coverage,220kV育新站-#2主变_变中中性点套管_日常,日常,178|179,valid,,,0,jpg,jpg,1920,1080,3,1920,1080,3,2,91.37219184,121.6843273,44.53200984,59.33662552,758.8507547,1594.373149,30.31213542,14.80461568,835.5223938,65.34875096,0,0.1307491941,1.293310106,2000,2000,22,14,0.6363636364,0.3771727464,0.008753984977,44.30091547,0.02011020531,47.36460931,2,0.8716058298,true,unreliable,inlier spatial coverage below diagnostic minimum (0.02); ECC correlation below diagnostic minimum after convergence (0.20),true,true,0.1243653498,true,0.999020544
1,spatial_support,only_low_spatial_coverage,110kV万安站-#1主变_变低穿墙套管_日常,日常,191,valid,,,0,jpg,jpg,1920,1080,3,1920,1080,3,3,82.99488137,119.1843398,74.0269294,64.81203384,1448.090497,2681.660918,36.18945843,9.214895561,1233.570421,79.18148679,0,0.05684802163,0.6470811992,2000,2000,48,31,0.6458333333,0.5114509193,0.00158689896,122.6488045,0.0556758842,312.1065194,2,0.6419465735,true,unreliable,inlier spatial coverage below diagnostic minimum (0.02),true,true,0.3168266143,true,0.9877141204
1,spatial_support,only_low_spatial_coverage,110kV万安站-#1主变_有载调压开关瓦斯继电器_日常,日常,200,valid,,,0,jpg,jpg,1920,1080,3,1920,1080,3,1,123.2516729,121.8388744,50.17690793,52.23755116,933.8555035,1753.786306,1.412798515,2.060643234,819.9308028,42.12287182,0,0.1148196067,0.6690967553,2000,2000,108,96,0.8888888889,0.5134220394,0.001162802807,108.2272084,0.04912926423,241.5483044,1,1.716783116,true,unreliable,inlier spatial coverage below diagnostic minimum (0.02),true,true,0.4673771347,true,0.6955680941
1,match_support,only_match_support,110kV万安站-#2主变_112000地刀接线掌_日常,日常,176,valid,,,0,jpg,jpg,1920,1080,3,1920,1080,3,1,107.1708382,133.3157007,61.59489571,52.84359084,2950.407834,2907.061771,26.14486256,8.751304861,43.34606329,66.58152247,0,0.0336234864,0.1571471809,2000,2000,54,10,0.1851851852,1.016104683,0.03629601639,57.92387855,0.02629428935,308.1090916,2,1.452377134,true,unreliable,inlier rate below diagnostic minimum (0.40),true,true,0.4581550071,true,0.7786482446
1,spatial_support,only_low_spatial_coverage,110kV万安站-#2主变_变低母线桥_日常,日常,194,valid,,ROI boundary normalized at line 3,1,jpg,jpg,1920,1080,3,1920,1080,3,3,103.0422647,121.8087703,63.66612545,74.38729683,3489.453304,6851.651429,18.76650559,10.72117138,3362.198125,83.44287326,0,0.1367075327,0.8260504698,2000,2000,21,10,0.4761904762,0.7631655229,0.007432416012,11.06535676,0.005023069927,99.51835628,2,0.9320036673,true,unreliable,inlier spatial coverage below diagnostic minimum (0.02),true,false,,true,0.9712292631
1,ecc_quality,only_low_ecc,110kV万安站-#2主变_变高B相套管_日常,日常,178|179,valid,,,0,jpg,jpg,1920,1080,3,1920,1080,3,2,89.66397569,119.9846957,64.00805056,53.83645115,847.9528534,3182.774238,30.32072,10.17159941,2334.821385,71.54993586,0,0.05466259184,0.4634671845,2000,2000,25,21,0.84,0.3517468565,0.08164282622,0.1256946396,5.705852761e-05,7.029821206,2,0.9984762252,true,unreliable,ECC correlation below diagnostic minimum after convergence (0.20),true,true,0.1231845923,true,0.995356385
1,ecc_quality,only_low_ecc,110kV万安站-#3主变_变低母线桥_日常,日常,194,valid,,ROI boundary normalized at line 1,1,jpg,jpg,1920,1080,3,1920,1080,3,4,94.94294319,126.8207036,66.96855009,49.10943358,837.12889,2506.397714,31.87776042,17.85911652,1669.268824,71.12706597,0,0.04268910628,0.2655150447,2000,2000,34,23,0.6764705882,0.4804263941,0.08228196283,0.5650388062,0.0002564968755,2.14066082,2,0.9977611443,true,unreliable,ECC correlation below diagnostic minimum after convergence (0.20),true,true,0.07800953068,true,0.9987466242
1,spatial_support,only_low_spatial_coverage,110kV万安站-#3主变_顶盖_日常,日常,175,valid,,,0,jpg,jpg,1920,1080,3,1920,1080,3,6,99.44080729,127.6674928,68.38673229,59.05247524,1833.674463,4032.973305,28.22668547,9.334257045,2199.298842,68.44309076,0,0.002836477,0.5448547251,2000,2000,38,32,0.8421052632,0.7409579545,0.008240628653,34.05564635,0.01545941055,77.29165975,2,0.8842036291,true,unreliable,inlier spatial coverage below diagnostic minimum (0.02),true,true,0.219837862,true,0.9968508873
1,match_support,only_match_support,110kV丹荷站-#2主变_A相变高套管油位表_表计,表计,217,valid,,,0,jpg,jpg,2560,1440,3,2560,1440,3,1,116.5495828,114.8619803,42.28831456,39.1824389,1037.936314,995.2647525,1.687602539,3.105875669,42.67156193,31.08697917,0,0.006773575095,0.6197426945,2000,2000,208,56,0.2692307692,0.3608139024,0.2214241777,0.7117002216,0.0002423048839,1.55897758,1,1.000225157,true,unreliable,inlier rate below diagnostic minimum (0.40),true,true,0.5476906641,true,0.9982720269
1,ecc_quality,only_low_ecc,110kV光明站-#3主变_C相变高套管末屏_日常,日常,247,valid,,,0,jpg,jpg,1920,1080,3,1920,1080,3,1,79.95152151,93.53809365,74.31278,56.49086399,437.9922352,1056.730026,13.58657215,17.82191601,618.7377908,73.62005594,0,0.9456935246,1.0419464,1412,2000,47,33,0.7021276596,0.342587126,0.1453214838,0.07234831538,3.284219887e-05,0.5916318206,2,0.9996395377,true,unreliable,ECC correlation below diagnostic minimum after convergence (0.20),true,true,0.1645180577,true,0.9983989198
1,ecc_quality,only_low_ecc,110kV华府站-#2主变_变低套管_日常,日常,190,valid,,,0,jpg,jpg,1920,1080,3,1920,1080,3,2,89.85941696,111.8782485,46.16470862,58.55684379,784.0350267,1786.475369,22.0188315,12.39213517,1002.440343,53.45700569,0,0.06398257243,0.6613842773,2000,2000,18,11,0.6111111111,0.7397071681,0.05790083503,50.16520702,0.02277227461,309.5147417,2,1.094704786,true,unreliable,ECC correlation below diagnostic minimum after convergence (0.20),true,true,0.1208149361,true,0.8800434028
1,spatial_support,only_low_spatial_coverage,110kV吉水门站-#1主变_变低套管_日常,日常,190,valid,,,0,jpg,jpg,1920,1080,3,1920,1080,3,3,111.7807962,83.05460841,57.9641831,81.42870198,1724.134371,1012.843541,28.72618779,23.46451888,711.2908299,66.4694864,0,0.04328112545,0.6714826468,2000,2000,120,102,0.85,0.4264930467,0.007406155777,64.453807,0.02925852159,84.83769103,1,1.234539594,true,unreliable,inlier spatial coverage below diagnostic minimum (0.02),true,true,0.4132599627,true,0.8310966435
1,ecc_quality,only_low_ecc,110kV吉水门站-#1主变_变高中性点套管末屏_日常,日常,180,valid,,,0,jpg,jpg,1920,1080,3,1920,1080,3,1,113.957378,88.02403598,58.62534616,75.69906141,2055.165535,832.5516457,25.93334201,17.07371525,1222.613889,77.21685185,0,0.03473134209,0.7021667873,2000,2000,43,30,0.6976744186,0.4051429559,0.2336045072,0.4564957416,0.0002072242298,1.419542642,1,0.9980901312,true,unreliable,ECC correlation below diagnostic minimum after convergence (0.20),true,true,0.1371534978,true,0.9992693866
1,ecc_quality,only_low_ecc,110kV吉水门站-10122刀闸_三相支柱瓷瓶_日常,日常,242,valid,,ROI boundary normalized at line 6,1,jpg,jpg,1920,1080,3,1920,1080,3,6,111.5889858,104.0459756,70.98372628,57.49717048,2890.490795,1262.932557,7.543010224,13.48655581,1627.558238,68.09243634,0,0.03647573426,0.3021054044,2000,2000,173,138,0.7976878613,0.5592324409,0.2098009603,1.621294731,0.0007359795968,3.801783247,3,0.9936915296,true,unreliable,ECC correlation below diagnostic minimum after convergence (0.20),true,true,0.09226285051,true,0.9999508102
1,ecc_quality,only_low_ecc,110kV吉水门站-1896开关_基础构架_日常,日常,356,valid,,,0,jpg,jpg,1920,1080,3,1920,1080,3,2,121.050625,82.39443239,48.02446554,73.20471714,4749.063867,870.9825704,38.65619261,25.18025161,3878.081296,75.7804702,0,0.09828775019,0.2159414032,2000,1991,25,17,0.68,0.679461276,0.2244997791,6.98586486,0.003171202561,6.243105177,2,0.9948505492,true,unreliable,ECC correlation below diagnostic minimum after convergence (0.20),true,true,0.1683873917,true,0.9977695795
1,ecc_quality,only_low_ecc,110kV同庆站-#3主变_变高中性点套管接线掌_日常,日常,176|177,valid,,,0,jpg,jpg,1920,1080,3,1920,1080,3,2,109.4267501,135.3116127,54.19705857,35.19708265,779.4994792,1822.647264,25.88486256,18.99997592,1043.147785,50.66846692,0,0.0216172319,0.3041750884,2000,2000,104,97,0.9326923077,0.1669853934,0.116683936,0.3733225897,0.0001694681441,1.272796492,2,0.9973239332,true,unreliable,ECC correlation below diagnostic minimum after convergence (0.20),true,true,0.1575710299,true,0.9996879823
1,spatial_support,only_low_spatial_coverage,110kV和平站-#1主变变低母线桥,UNSPECIFIED,194,valid,,,0,jpg,jpg,1920,1080,3,1920,1080,3,2,93.29962336,113.9120592,41.90975568,64.01659308,1982.756594,5491.479024,20.61243586,22.1068374,3508.72243,55.69115307,0,0.1013269683,2.691280562,2000,2000,268,250,0.9328358209,0.2592356401,0.01887928893,0.6433840281,0.0002920613437,1.320521783,3,0.9958469869,true,unreliable,inlier spatial coverage below diagnostic minimum (0.02),true,true,0.2373212659,true,1
1,spatial_support,only_low_spatial_coverage,110kV塘尾站-#1主变_B相变高套管末屏_日常,日常,180,valid,,,0,jpg,jpg,1920,1080,3,1920,1080,3,1,80.65297888,103.5087273,72.69687792,84.69368614,914.8169805,1644.418742,22.85574846,11.99680822,729.6017611,107.9502556,0,0.005465786865,0.4854907874,2000,2000,121,119,0.9834710744,0.4575885226,0.008524757665,8.579638302,0.00389468899,18.09481196,3,0.9639897851,true,unreliable,inlier spatial coverage below diagnostic minimum (0.02),true,false,,true,0.9999840856
1,spatial_support,only_low_spatial_coverage,110kV塘尾站-#3主变_变高中性点套管末屏_日常,日常,180,valid,,,0,jpg,jpg,1920,1080,3,1920,1080,3,1,82.81130691,101.6204909,81.01485568,75.99152073,1350.514957,1750.172209,18.80918403,5.023334952,399.6572528,75.74959973,0,0.02038461165,0.5889210791,2000,2000,209,202,0.966507177,0.2958799732,0.008221865682,61.94030239,0.02811752725,70.46507333,3,0.826138427,true,unreliable,inlier spatial coverage below diagnostic minimum (0.02),true,true,0.4123534742,true,0.9999643133
1,spatial_support,only_low_spatial_coverage,110kV宝安站-#1主变_变低避雷器_日常,日常,193,valid,,,0,jpg,jpg,2560,1440,3,2560,1440,3,3,111.6879473,106.5128497,55.60842447,64.44594548,1705.548216,1443.349771,5.175097656,8.837521009,262.198445,42.9785178,0,0.007669531523,0.3115140985,2000,2000,171,140,0.8187134503,0.5310586819,0.01220883188,49.11742802,0.01672247997,59.3834761,2,0.895532085,true,unreliable,inlier spatial coverage below diagnostic minimum (0.02),true,true,0.4615399727,true,0.9994240994
1,ecc_quality,only_low_ecc,110kV岗厦站-#3主变变高中性点套管接线掌,UNSPECIFIED,176,valid,,,0,jpg,jpg,1920,1080,3,1920,1080,3,3,106.7631313,112.2420023,47.17589729,29.91501523,870.4543191,931.1759333,5.478871046,17.26088206,60.72161422,35.79601611,0,0.1054264477,0.7914631834,2000,2000,314,293,0.9331210191,0.3475100848,0.2520289947,0.3931037838,0.0001784477299,1.191866886,2,0.998969422,true,unreliable,ECC correlation below diagnostic minimum after convergence (0.20),true,true,0.1956570675,true,0.9991165123
1,spatial_support,only_low_spatial_coverage,110kV布吉站-113000地刀_本体_位置,位置,264,valid,,,0,jpg,jpg,1920,1080,3,1920,1080,3,1,116.4148158,117.2869835,67.66025166,61.58364314,5562.648731,3040.160096,0.8721677276,6.076608518,2522.488636,74.76234327,0,0.03404229698,0.3216878877,2000,2000,88,83,0.9431818182,0.1650219139,0.006807674036,57.0799861,0.0259112081,67.90100754,3,0.8340826808,true,unreliable,inlier spatial coverage below diagnostic minimum (0.02),true,false,,true,0.9997588735
1,ecc_quality,only_low_ecc,110kV帝堂站-#3主变_变低母线桥_日常,日常,194,valid,,,0,jpg,jpg,1920,1080,3,1920,1080,3,3,105.1393591,113.8383039,58.90074922,76.37034031,2322.214143,3119.978723,8.69894483,17.46959109,797.7645802,83.05166088,0,0.07857679191,1.452216028,2000,2000,18,8,0.4444444444,0.7208892322,0.05846589969,104.070163,0.04724219178,275.7851993,1,1.364198811,true,unreliable,ECC correlation below diagnostic minimum after convergence (0.20),true,true,0.05083244916,true,0.7566801698
1,spatial_support,only_low_spatial_coverage,110kV志远站-#1主变变高套管C相油位,UNSPECIFIED,217,valid,,,0,jpg,jpg,1920,1080,3,1920,1080,3,1,100.4483189,115.6934361,61.85910608,38.44910385,451.2420433,496.7518832,15.24511719,23.41000223,45.50983991,50.49156877,0,0.02362536654,0.3002213722,2000,2000,149,103,0.6912751678,0.3267968155,0.002236913925,5.10288645,0.002316432812,32.02189062,1,1.037285669,true,unreliable,inlier spatial coverage below diagnostic minimum (0.02),true,true,0.3737208968,true,0.9566700424
1,spatial_support,only_low_spatial_coverage,110kV承福站-1268开关_本体_日常,日常,226|227|228,valid,,,0,jpg,jpg,1920,1080,3,1920,1080,3,3,116.750244,108.1761608,36.33333947,51.659934,1139.949118,3006.423169,8.574083237,15.32659453,1866.474052,38.27836275,0,0.09274124571,0.3998863266,2000,2000,181,147,0.8121546961,0.3583976348,0.01192733191,2.223013573,0.001009127213,9.621342685,2,0.9926056443,true,unreliable,inlier spatial coverage below diagnostic minimum (0.02),true,true,0.4144985033,true,0.9981548997
1,match_support,only_match_support,110kV新玉站-#1主变变高套管A相升高座,UNSPECIFIED,187,valid,,,0,jpg,jpg,1920,1080,3,1920,1080,3,1,127.3912958,124.5126186,58.95406548,45.16569061,1116.434192,2398.700376,2.87867718,13.78837487,1282.266184,52.21097174,0,0.2796831755,0.338197793,2000,2000,25,9,0.36,0.9714212504,0.101192449,15.4410006,0.007009374164,40.28082062,2,0.9843221483,true,unreliable,inlier rate below diagnostic minimum (0.40),true,true,0.2491052551,true,0.9845490934
1,spatial_support,only_low_spatial_coverage,110kV新玉站-#2主变_本体呼吸器_日常,日常,168,valid,,ROI boundary normalized at line 1,1,jpg,jpg,1920,1080,3,1920,1080,3,1,105.5402889,117.5876432,67.3035446,39.60341658,729.474102,608.1975343,12.04735436,27.70012802,121.2765677,46.1604022,0,0.2825362163,0.2938365716,2000,2000,580,558,0.9620689655,0.1827127797,0.01832983303,2.058170794,0.0009342975599,2.507321072,1,1.005592245,true,unreliable,inlier spatial coverage below diagnostic minimum (0.02),true,true,0.5574218324,true,0.9930290316
1,spatial_support,only_low_spatial_coverage,110kV新玉站-#2主变变高套管A相,UNSPECIFIED,178|179,valid,,,0,jpg,jpg,1920,1080,3,1920,1080,3,2,111.0288604,116.3964173,52.38808869,57.66452944,697.7667314,1636.546634,5.367556906,5.276440748,938.779903,42.82388021,0,0.03437372859,0.3605396713,2000,2000,70,62,0.8857142857,0.3037171333,0.006944949609,53.72129993,0.02438654731,73.10772045,3,0.8242335051,true,unreliable,inlier spatial coverage below diagnostic minimum (0.02),true,true,0.4384475181,true,0.9996214313
1,spatial_support,only_low_spatial_coverage,110kV明珠站-16464刀闸分合位指示,UNSPECIFIED,222,valid,,,0,jpg,jpg,1920,1080,3,1920,1080,3,1,84.78977093,109.6282962,53.04837574,30.90311394,722.4484983,540.5819656,24.83852527,22.1452618,181.8665327,52.26914159,0,0.009055445544,0.3934270629,2000,2000,523,465,0.8891013384,0.2390337925,0.01832878896,18.40127148,0.00835317608,25.47501011,2,1.060060638,true,unreliable,inlier spatial coverage below diagnostic minimum (0.02),true,true,0.2513756543,true,0.9445346258
1,ecc_quality,only_low_ecc,110kV木犀站-#2主变_变高中性点套管_日常,日常,178|179,valid,,,0,jpg,jpg,1920,1080,3,1920,1080,3,2,91.1989077,127.4845091,29.02462379,53.75008498,814.555597,3397.249646,36.28560137,24.72546119,2582.694049,54.93987703,0,0.09124755386,0.406145065,1969,2000,47,36,0.7659574468,0.3528801706,0.0474925837,1.291262346,0.0005861628505,9.982389096,1,1.00127488,true,unreliable,ECC correlation below diagnostic minimum after convergence (0.20),true,true,0.1628086702,true,0.9924421296
1,ecc_quality,only_low_ecc,110kV永安站-#1主变_压力释放阀_日常,日常,173,valid,,,0,jpg,jpg,2560,1440,3,2560,1440,3,1,104.284499,111.316642,52.59222494,56.39258216,905.8166454,1431.340634,7.032143012,3.800357223,525.5239884,56.58719076,0,0.05008954763,0.5355513774,2000,2000,182,153,0.8406593407,0.2026850466,0.2289409128,0.4373458906,0.0001488984295,0.648007553,1,0.9991378311,true,unreliable,ECC correlation below diagnostic minimum after convergence (0.20),true,true,0.1579920912,true,0.9996291775
1,ecc_quality,only_low_ecc,110kV永安站-#3主变_A相变高套管末屏_日常,日常,180,valid,,,0,jpg,jpg,2560,1440,3,2560,1440,3,1,110.7964092,109.2803806,53.29687257,54.81580359,713.4130898,710.5595168,1.516028646,1.518931023,2.853572935,58.41637424,0,0.01917015549,0.6640848013,2000,2000,72,55,0.7638888889,0.4694977914,0.1437174803,0.8806054644,0.0002998102268,2.113597903,1,0.9997475736,true,unreliable,ECC correlation below diagnostic minimum after convergence (0.20),true,true,0.1435930761,true,0.9982603624
1,ecc_quality,only_low_ecc,110kV永安站-#3主变_变低套管_日常,日常,190,valid,,,0,jpg,jpg,1920,1080,3,1920,1080,3,1,107.5454958,109.9907272,82.87530565,56.75384692,1116.85856,983.1058733,2.445231481,26.12145873,133.7526867,83.44110436,0,0.06635341496,0.614961687,2000,2000,84,66,0.7857142857,0.3736154405,0.1101540953,1.16565657,0.0005291446619,2.623882536,1,1.000563143,true,unreliable,ECC correlation below diagnostic minimum after convergence (0.20),true,true,0.1490311871,true,0.9957335069
1,ecc_quality,only_low_ecc,110kV沙头角站-11034刀闸_机构箱_测温,测温,288,valid,,,0,jpg,jpg,1920,1080,3,1920,1080,3,1,131.1551707,126.849743,59.01268896,40.60852562,2844.796229,3351.992033,4.305427758,18.40416334,507.1958031,54.32576341,0,0.934747,1.069808194,2000,2000,26,16,0.6153846154,0.3389361568,0.1105666806,0.2073336947,9.411821684e-05,1.181837795,1,0.999646418,true,unreliable,ECC correlation below diagnostic minimum after convergence (0.20),true,true,0.09381979058,true,0.9987659144
1,ecc_quality,only_low_ecc,110kV沙头角站-11974刀闸_机构箱_测温,测温,288,valid,,,0,jpg,jpg,1920,1080,3,1920,1080,3,1,112.5845747,122.5609645,74.84417307,37.38961847,1117.753385,2060.838243,9.976389853,37.4545546,943.0848581,64.95265336,0,0.9346597464,1.065985104,2000,2000,66,49,0.7424242424,0.3506240723,0.1193563367,1.585522331,0.0007197408735,2.889201387,1,1.001990166,true,unreliable,ECC correlation below diagnostic minimum after convergence (0.20),true,true,0.1562108481,true,0.9964163773
1,ecc_quality,only_low_ecc,110kV沙头角站-1197间隔_机构箱_日常,日常,287,valid,,,0,jpg,jpg,1920,1080,3,1920,1080,3,1,129.6768456,127.8223529,32.82916515,33.74718705,994.8285717,1465.164171,1.85449267,0.9180218994,470.3355993,35.27397087,0,0.9436037277,1.046260036,1470,2000,46,39,0.847826087,0.2927686841,0.02046538026,2.140160089,0.0009715162391,62.00607708,1,1.018237269,true,unreliable,ECC correlation below diagnostic minimum after convergence (0.20),true,true,0.07817030849,true,0.9431491127
1,ecc_quality,only_low_ecc,110kV沙河站-#3主变_A相变高套管接线掌_日常,日常,176|177,valid,,,0,jpg,jpg,1920,1080,3,1920,1080,3,2,73.94412037,106.8400989,70.24661031,47.32938907,533.269097,515.7149406,32.89597849,22.91722124,17.55415646,70.30578463,0,0.02351055795,0.696602897,2000,2000,106,85,0.8018867925,0.2389604638,0.2205366257,0.3068861313,0.0001393096066,0.6474329912,2,0.9975630582,true,unreliable,ECC correlation below diagnostic minimum after convergence (0.20),true,true,0.1939364663,true,1
1,ecc_quality,only_low_ecc,110kV湖洋站-#1主变_变低穿墙套管_日常,日常,191,valid,,,0,jpg,jpg,1920,1080,3,1920,1080,3,3,113.1543056,123.8297637,56.92135333,59.86846918,5200.941525,3592.078948,10.67545814,2.947115859,1608.862577,67.91125386,0,0.01293315756,0.7285410198,2000,2000,50,31,0.62,0.4029190444,0.04302911619,20.6577675,0.009377502505,19.28209029,2,0.9570994185,true,unreliable,ECC correlation below diagnostic minimum after convergence (0.20),true,true,0.08730525567,true,0.9961048418
1,spatial_support,only_low_spatial_coverage,110kV湖洋站-#1主变_顶盖_日常,日常,175,valid,,ROI boundary normalized at line 5,1,jpg,jpg,1920,1080,3,1920,1080,3,10,109.4169869,124.2468393,56.79335782,63.34958276,6731.793294,4460.110918,14.82985243,6.556224941,2271.682375,49.07582079,0,0.01380918915,1.149600627,2000,2000,26,16,0.6153846154,0.6680286402,0.01657434798,29.72010701,0.01349131158,68.87247674,2,0.8716209653,true,unreliable,inlier spatial coverage below diagnostic minimum (0.02),true,true,0.4868496992,true,0.9980309606
1,spatial_support,only_low_spatial_coverage,110kV湖洋站-#2主变_油枕侧通道_日常,日常,266,valid,,,0,jpg,jpg,1920,1080,3,1920,1080,3,4,115.6064029,115.4047574,59.99088267,57.06555062,1705.119122,4540.487241,0.2016454475,2.925332049,2835.368119,54.97792631,0,0.01759826404,0.4866713911,2000,2000,191,129,0.6753926702,0.1883101435,0.01374475978,0.5196009209,0.0002358705478,1.48701204,3,0.9967967145,true,unreliable,inlier spatial coverage below diagnostic minimum (0.02),true,true,0.3704139311,true,1
1,ecc_quality,only_low_ecc,110kV湖洋站-#3主变_变低穿墙套管_日常,日常,191,valid,,,0,jpg,jpg,1920,1080,3,1920,1080,3,3,113.3098751,124.9779345,69.99721322,57.04644547,1504.404307,2593.631778,11.66805941,12.95076775,1089.227471,73.53676698,0,0.02525054859,0.6280421807,2000,2000,35,28,0.8,0.3682667926,0.08042679248,6.558758638,0.002977319574,22.15092983,1,1.005453182,true,unreliable,ECC correlation below diagnostic minimum after convergence (0.20),true,true,0.1024249944,true,0.9815499614
1,match_support,only_match_support,110kV湖洋站-1103开关_本体_日常,日常,226,valid,,,0,jpg,jpg,1920,1080,3,1920,1080,3,3,91.08049479,97.81535494,61.75707316,73.94758981,559.6609061,1364.610166,6.734860147,12.19051665,804.9492596,55.21777199,0,0.05026284165,0.1408276846,2000,2000,17,7,0.4117647059,0.7160109251,0.1081848738,1.344398012,0.000610283552,5.635959642,2,1.002027499,true,unreliable,inliers below diagnostic minimum (8),true,true,0.4446322551,true,0.9917790316
1,spatial_support,only_low_spatial_coverage,110kV燕罗站-#2主变_B相变高套管接线掌_日常,日常,176|177,valid,,,0,jpg,jpg,1920,1080,3,1920,1080,3,2,113.3997401,115.4062722,67.11784742,56.45345234,286.6269622,5224.391018,2.006532118,10.66439509,4937.764056,66.70832128,0,0.05208854963,0.4015753639,1869,2000,60,50,0.8333333333,0.6476182453,0.003574361505,142.9314026,0.0648830802,148.9876168,2,0.6435346834,true,unreliable,inlier spatial coverage below diagnostic minimum (0.02),true,false,,true,0.9993031443
1,spatial_support,only_low_spatial_coverage,110kV燕罗站-#2主变_散热片1_日常,日常,172,valid,,,0,jpg,jpg,1920,1080,3,1920,1080,3,4,108.2940654,107.9121764,63.69030118,60.01675333,1279.310933,3000.546829,0.3818889853,3.673547844,1721.235896,61.7998587,0,0.01183159111,0.8674687117,2000,2000,27,15,0.5555555556,0.2899287991,0.01855247348,19.53678046,0.008868635377,238.0314083,1,1.171952582,true,unreliable,inlier spatial coverage below diagnostic minimum (0.02),true,true,0.2543681458,true,0.8584693287
1,spatial_support,only_low_spatial_coverage,110kV燕罗站-#3主变_B相变高套管升高座_日常,日常,279,valid,,,0,jpg,jpg,2560,1440,3,2560,1440,3,1,113.2075328,104.9138675,70.42817429,59.03475473,741.5003238,1345.209893,8.293665365,11.39341955,603.7095693,82.48808322,0,0.1394251291,0.6118915839,2000,2000,117,86,0.735042735,0.4716852391,0.006012042944,13.25694142,0.004513447592,22.78311382,2,0.9581015156,true,unreliable,inlier spatial coverage below diagnostic minimum (0.02),true,false,,true,0.9994113498
1,ecc_quality,only_low_ecc,110kV白田站-#2主变_变低母线桥_日常,日常,194,valid,,,0,jpg,jpg,1920,1080,3,1920,1080,3,3,66.35718605,113.206426,63.05378079,56.5047197,866.5118647,3738.235243,46.84923997,6.549061085,2871.723378,76.39237076,0,0.04502590895,2.936926118,2000,2000,31,23,0.7419354839,0.663402714,0.147237632,4.423503295,0.002008029823,2.045035406,2,0.9998759983,true,unreliable,ECC correlation below diagnostic minimum after convergence (0.20),true,true,0.0661483103,true,0.9970220872
1,ecc_quality,only_low_ecc,110kV石壁龙站-1BY1开关_指示器_位置,位置,230,valid,,,0,jpg,jpg,1920,1080,3,1920,1080,3,1,124.6313484,102.4339916,27.66967562,28.28750301,1143.921114,1183.554546,22.19735677,0.617827392,39.63343209,28.52975164,0,0.04103991494,0.5161574035,2000,2000,660,619,0.9378787879,0.1279027041,0.2317975726,0.4182491832,0.0001898623732,0.8902180334,2,0.9985641129,true,unreliable,ECC correlation below diagnostic minimum after convergence (0.20),true,true,0.1745276069,true,0.9993836806
1,spatial_support,only_low_spatial_coverage,110kV罗湖站-1373线路电缆头_A相接线掌_日常,日常,248,valid,,ROI boundary normalized at line 1,1,jpg,jpg,1920,1080,3,1920,1080,3,1,85.10135706,124.4167853,54.63343768,49.87983503,484.0618035,11258.49514,39.31542824,4.753602658,10774.43334,70.8378588,0,0.948379775,1.050836316,1929,2000,30,19,0.6333333333,0.2378039123,0.0009719909308,43.01153538,0.0195248969,163.7163753,1,1.193915692,true,unreliable,inlier spatial coverage below diagnostic minimum (0.02),true,false,,true,0.8549647955
1,ecc_quality,only_low_ecc,110kV言晨站-112PT_本体_日常,日常,257,valid,,,0,jpg,jpg,1920,1080,3,1920,1080,3,1,104.7636743,106.1768552,35.46251253,35.86517218,1109.119362,1153.275509,1.413180941,0.4026596505,44.15614731,37.73980228,0,0.3878918786,0.6222149045,2000,2000,557,240,0.4308797127,0.1818521905,0.3168502602,0.4259531785,0.0001933595679,1.177123945,2,0.9987972253,true,unreliable,ECC correlation below diagnostic minimum after convergence (0.20),true,true,0.1244931186,true,0.9991705247
1,ecc_quality,only_low_ecc,110kV长流陂站-#2主变_调压开关侧顶盖_日常,日常,201,valid,,,0,jpg,jpg,1920,1080,3,1920,1080,3,1,113.9256453,113.3433541,49.23118718,50.22888654,1088.292345,1577.397665,0.5822911844,0.997699352,489.1053202,51.64557919,0,0.3037023386,0.8336950759,2000,2000,249,241,0.9678714859,0.2768304222,0.2387319463,0.1562125757,7.09120102e-05,1.256725477,2,0.9984415485,true,unreliable,ECC correlation below diagnostic minimum after convergence (0.20),true,true,0.06540392322,true,0.9992906057
1,match_support,only_match_support,110kV长流陂站-#3主变_C相变高套管接线掌_日常,日常,176|177,valid,,,0,jpg,jpg,2560,1440,3,2560,1440,3,2,121.9559413,108.975603,42.90188923,49.3359958,767.3914913,1050.441645,12.98033827,6.434106573,283.0501537,48.20559489,0,0.02818681958,0.4194164569,2000,2000,59,16,0.2711864407,0.2570227408,0.1948254149,0.9501689425,0.0003234937525,1.140787559,1,0.9982823594,true,unreliable,inlier rate below diagnostic minimum (0.40),true,true,0.3387451051,true,0.9997048611
1,ecc_quality,only_low_ecc,110kV雪岗站-112000地刀_本体_位置,位置,248,valid,,ROI boundary normalized at line 1,1,jpg,jpg,1920,1080,3,1920,1080,3,1,124.8454355,117.9279813,52.44272104,67.68808766,5300.033298,5749.603524,6.917454186,15.24536662,449.5702262,66.87503038,0,0.876818088,1.115232429,2000,2000,91,76,0.8351648352,0.3415226088,0.124645161,0.6196750206,0.0002812987442,3.949828873,1,0.9997807498,true,unreliable,ECC correlation below diagnostic minimum after convergence (0.20),true,true,0.09679576158,true,0.9966059028
1,spatial_support,only_low_spatial_coverage,110kV龙华站-#3主变_A相变高套管油位表_表计,表计,247,valid,,,0,jpg,jpg,1920,1080,3,1920,1080,3,1,86.56765577,117.0423418,79.28467751,43.67045591,483.2698148,412.3599647,30.47468605,35.6142216,70.90985005,86.31622251,0,0.9445741583,1.051763581,1493,2000,113,105,0.9292035398,0.2815754085,0.01287877128,24.93896911,0.0113209351,31.28161905,2,0.9206472199,true,unreliable,inlier spatial coverage below diagnostic minimum (0.02),true,false,,true,0.9999816744
1,ecc_quality,only_low_ecc,220kV七沥站-#3主变_A相变中套管接线掌_日常,日常,176|177,valid,,,0,jpg,jpg,1920,1080,3,1920,1080,3,2,116.7587519,106.0387423,53.08974066,51.23572033,1101.534094,1146.554123,10.72000965,1.854020321,45.02002891,54.31382234,0,0.1233773552,0.5818123392,2000,2000,171,154,0.9005847953,0.1683336297,0.3037774033,0.2418384652,0.0001097815053,0.2699811995,1,0.9987138343,true,unreliable,ECC correlation below diagnostic minimum after convergence (0.20),true,true,0.1830231709,true,0.9996976273
1,ecc_quality,only_low_ecc,220kV东湖站-113000地刀_本体_位置,位置,247,valid,,,0,jpg,jpg,1920,1080,3,1920,1080,3,1,115.0698688,127.0530874,66.75487074,38.0747811,872.3307842,1068.478906,11.98321856,28.68008964,196.148122,61.19316262,0,0.8993288215,1.107883246,2000,2000,50,36,0.72,0.4084830012,0.1440333709,4.31899053,0.001960586714,12.28187424,2,1.006158346,true,unreliable,ECC correlation below diagnostic minimum after convergence (0.20),true,true,0.179618187,true,0.9863850309
1,spatial_support,only_low_spatial_coverage,220kV公明站-#2主变_C相变中套管接线掌_日常,日常,176,valid,,,0,jpg,jpg,1920,1080,3,1920,1080,3,1,68.14521364,106.6925188,69.44696835,56.044174,456.7416746,440.4421108,38.54730517,13.40279435,16.29956389,80.95374325,0,0.03029154947,0.3362073274,1898,2000,196,172,0.8775510204,0.303588526,0.01108491357,22.18860672,0.01007242022,24.57721133,2,0.9303300739,true,unreliable,inlier spatial coverage below diagnostic minimum (0.02),true,true,0.2780584023,true,0.9999990355
1,spatial_support,only_low_spatial_coverage,220kV公明站-#3主变_变中B相套管油位_表计,表计,217,valid,,,0,jpg,jpg,1920,1080,3,1920,1080,3,1,73.58020303,114.5803655,36.40153344,43.34199152,622.1072516,922.1547456,41.00016252,6.940458083,300.047494,50.21309269,0,0.00220905372,0.6404951641,2000,2000,104,83,0.7980769231,0.4584859419,0.008285387238,11.37950826,0.005165677617,12.29420897,1,0.9710242756,true,unreliable,inlier spatial coverage below diagnostic minimum (0.02),true,true,0.4103936424,true,0.9996407215
1,match_support,only_match_support,220kV农园站-#3主变_顶盖_日常,日常,175,valid,,,0,jpg,jpg,1920,1080,3,1920,1080,3,3,119.0807697,108.4377971,58.24462751,62.75958206,1542.958723,1908.653949,10.64297261,4.514954547,365.6952262,55.18646123,0,0.01001355306,0.4685125874,2000,2000,39,14,0.358974359,0.3818740767,0.1994614616,1.546903211,0.0007022098945,4.570493364,1,0.9978527495,true,unreliable,inlier rate below diagnostic minimum (0.40),true,true,0.4063175572,true,0.9971281829
1,spatial_support,only_low_spatial_coverage,220kV创业站-#1主变_B相变高套管_日常,日常,178|179,valid,,,0,jpg,jpg,1920,1080,3,1920,1080,3,2,74.41062982,99.62282938,67.89962163,71.16930962,1227.715658,6255.294809,25.21219956,3.269687999,5027.579151,73.29198351,0,0.05707930943,0.5298495323,2000,2000,49,35,0.7142857143,0.597114403,0.009742239306,33.5995681,0.01525237584,39.83991914,3,0.8915676351,true,unreliable,inlier spatial coverage below diagnostic minimum (0.02),true,true,0.2278972098,true,0.9999720293
1,spatial_support,only_low_spatial_coverage,220kV创业站-#2主变_B相变中套管接线掌_日常,日常,176|177,valid,,,0,jpg,jpg,1920,1080,3,1920,1080,3,2,98.89732108,126.4150608,63.3185031,62.82660856,595.1290611,381.4979137,27.51773968,0.4918945376,213.6311474,60.88296152,0,0.06776453477,0.486556077,2000,2000,264,228,0.8636363636,0.05130738919,0.007926394089,2.208831877,0.001002689495,5.879169668,1,1.005879941,true,unreliable,inlier spatial coverage below diagnostic minimum (0.02),true,true,0.3594744721,true,0.9922815394
1,global_geometry,only_global_geometry,220kV创业站-#4主变_B相变中套管_日常,日常,179,valid,,,0,jpg,jpg,1920,1080,3,1920,1080,3,1,79.4642091,103.4007644,73.16850348,75.36778433,1231.270497,1898.291201,23.93655527,2.199280849,667.0207044,80.17021171,0,0.3642318063,0.4281591188,2000,2000,21,9,0.4285714286,0.6091612598,0.1001518025,848.51389,0.3851791403,732.4172489,2,0.1671478539,true,unreliable,"projected area ratio outside diagnostic range [0.20, 5.00]",true,false,,true,0.9914858218
1,ecc_quality,only_low_ecc,220kV奋进站-#2主变_A相变高套管接线掌_日常,日常,176|177,valid,,,0,jpg,jpg,1920,1080,3,1920,1080,3,2,77.13216242,128.1456182,62.46926942,59.56178146,722.9694399,3883.636426,51.01345583,2.907487951,3160.666986,76.2270843,0,0.03719394204,0.368139239,1938,2000,163,143,0.8773006135,0.2674295888,0.08469970359,0.06413340018,2.911307433e-05,2.333497864,2,0.9976016919,true,unreliable,ECC correlation below diagnostic minimum after convergence (0.20),true,true,0.1828424059,true,0.9986636767
1,ecc_quality,only_low_ecc,220kV奋进站-#4主变_B相变中套管升高座_日常,日常,188,valid,,,0,jpg,jpg,1920,1080,3,1920,1080,3,1,84.80693094,94.07495853,65.80269958,70.26318836,1147.365601,1708.537641,9.268027585,4.460488779,561.1720403,69.19552469,0,0.1189463256,0.8098885013,2000,2000,49,24,0.4897959184,0.3414981494,0.0574420853,2.235358436,0.001014731109,5.708515044,1,0.9958026845,true,unreliable,ECC correlation below diagnostic minimum after convergence (0.20),true,true,0.190947509,true,0.9981722608
1,ecc_quality,only_low_ecc,220kV平安站-#1主变_C相变中套管油位_表计,表计,217,valid,,,0,jpg,jpg,1280,720,3,1280,720,3,1,78.2523622,103.8734234,38.69005838,43.85813179,513.3660635,493.0785422,25.6210612,5.168073407,20.28752129,43.6172678,0,0.01098133166,0.4714708812,1940,2000,62,48,0.7741935484,0.3477627321,0.3927204035,0.1336282613,9.098994033e-05,0.1365539487,3,0.997339147,true,unreliable,ECC correlation below diagnostic minimum after convergence (0.20),true,true,0.1804709151,true,1
1,match_support,only_match_support,220kV平安站-#3主变_B相变中套管_日常,日常,179,valid,,,0,jpg,jpg,1280,720,3,1280,720,3,1,93.6648036,113.1637023,42.17144791,57.75829872,470.9743359,1418.37548,19.49889865,15.5868508,947.4011438,46.49684136,0,0.1222889508,0.2252944362,2000,2000,38,14,0.3684210526,0.3567352362,0.3631066523,0.2614749103,0.0001780430746,1.42914986,2,0.9955738238,true,unreliable,inlier rate below diagnostic minimum (0.40),true,true,0.4264938958,true,0.9991221788
1,spatial_support,only_low_spatial_coverage,220kV廷苑站-#1主变_C相变高套管油位_表计,表计,216,valid,,,0,jpg,jpg,1920,1080,3,1920,1080,3,1,71.11340374,108.5426162,87.11997292,55.69938787,1308.7125,1116.961902,37.42921248,31.42058505,191.7505981,95.91682436,0,0.0263847579,0.3936307455,2000,2000,98,70,0.7142857143,0.4418199032,0.005673603899,70.14083625,0.03184012345,89.49578863,2,1.268562323,true,unreliable,inlier spatial coverage below diagnostic minimum (0.02),true,true,0.2790744619,true,0.8186786265
1,ecc_quality,only_low_ecc,220kV廷苑站-#3主变_变中B相套管末屏_日常,日常,180,valid,,,0,jpg,jpg,1920,1080,3,1920,1080,3,1,105.4143784,71.30438513,44.01858119,72.24698413,1361.231259,991.8786503,34.10999325,28.22840294,369.3526088,70.70321277,0,0.02341060374,0.353666405,2000,2000,41,36,0.8780487805,0.07796130106,0.1133267358,0.05977657442,2.713531248e-05,3.131002822,2,0.9998572212,true,unreliable,ECC correlation below diagnostic minimum after convergence (0.20),true,true,0.09900138033,true,0.99746576
1,spatial_support,only_low_spatial_coverage,220kV廷苑站-#3主变_散热片1_日常,日常,172,valid,,,0,jpg,jpg,1920,1080,3,1920,1080,3,5,92.002989,104.4175989,56.46791465,71.49049471,2050.57715,4827.848147,12.41460986,15.02258006,2777.270997,58.37167969,0,0.02399950174,0.6493937526,2000,2000,121,105,0.867768595,0.3156372293,0.009924766159,24.96614969,0.01133327361,29.43731355,2,0.9190177489,true,unreliable,inlier spatial coverage below diagnostic minimum (0.02),true,true,0.3373809904,true,0.9999807099
1,spatial_support,only_low_spatial_coverage,220kV廷苑站-1474开关_汇控柜_日常,日常,223,valid,,,0,jpg,jpg,1920,1080,3,1920,1080,3,1,83.61642506,108.5704659,60.90634212,69.94068884,570.571778,1905.784046,24.9540408,9.034346724,1335.212268,71.18443528,0,0.328393625,0.4289222857,2000,2000,89,60,0.6741573034,0.3082732065,0.01889526257,42.06665103,0.01909597082,43.234901,1,1.132161804,true,unreliable,inlier spatial coverage below diagnostic minimum (0.02),true,true,0.3177078791,true,0.8923070988
1,spatial_support,only_low_spatial_coverage,220kV廷苑站-2204开关_本体_日常,日常,226,valid,,,0,jpg,jpg,1920,1080,3,1920,1080,3,1,67.21250579,99.83085986,37.4057123,54.03966468,607.0333901,2175.671352,32.61835407,16.63395239,1568.637962,53.20770399,0,0.2525372102,0.2955620898,2000,2000,502,467,0.9302788845,0.2210117262,0.018773238,17.24811337,0.007829705039,18.83432847,2,0.9448153745,true,unreliable,inlier spatial coverage below diagnostic minimum (0.02),true,false,,true,1
1,ecc_quality,only_low_ecc,220kV新水贝站-备用线路TYD_本体_日常,日常,256,valid,,,0,jpg,jpg,1920,1080,3,1920,1080,3,1,84.09131318,92.42851852,25.07017311,77.47545332,477.8445671,958.796164,8.337205343,52.4052802,480.9515969,59.20897425,0,0.2959473387,0.5211180512,1755,2000,811,781,0.9630086313,0.1783798604,0.1841003499,0.1482064431,6.727766161e-05,0.2148869903,2,0.9984829043,true,unreliable,ECC correlation below diagnostic minimum after convergence (0.20),true,true,0.0709921679,true,1
1,global_geometry,only_global_geometry,220kV李朗站-112000地刀_本体_位置,位置,264,valid,,,0,jpg,jpg,1920,1080,3,1920,1080,3,1,130.454415,126.7624035,46.57588897,45.53394691,2267.039517,2464.698934,3.692011478,1.041942053,197.6594171,45.93154466,0,0.1277212318,0.5297704513,2000,2000,213,114,0.5352112676,1.155174885,0.09952478756,675.8488372,0.3067986007,715.5222203,1,1.236292453,true,unreliable,valid overlap below diagnostic minimum (0.60),true,false,,true,0.3777483603
1,spatial_support,only_low_spatial_coverage,220kV梅林站-#1主变_C相变高套管接线掌_日常,日常,176|177,valid,,,0,jpg,jpg,1920,1080,3,1920,1080,3,2,111.8057258,114.4472208,55.20937211,47.3812351,1675.102474,1182.451983,2.641494985,7.828137006,492.6504915,44.63242477,0,0.05624254358,0.3724156266,2000,1991,129,105,0.8139534884,0.1742367784,0.011316862,0.2645430126,0.0001200881345,3.519082679,1,0.9985548474,true,unreliable,inlier spatial coverage below diagnostic minimum (0.02),true,true,0.5101929952,true,0.9968976659
1,match_support,only_match_support,220kV民生站-#1主变 _变低母线桥_日常,日常,194,valid,,ROI boundary normalized at line 3,1,jpg,jpg,1920,1080,3,1920,1080,3,3,72.30461275,113.7828525,51.86438934,65.60735469,1143.177504,5493.850455,41.47823978,13.74296535,4350.672951,64.26604745,0,0.1651791045,0.8389961286,2000,2000,41,12,0.2926829268,0.704010585,0.1237621509,9.711186155,0.004408350151,232.2277383,1,1.29212062,true,unreliable,inlier rate below diagnostic minimum (0.40),true,true,0.2195136731,true,0.8071903935
1,spatial_support,only_low_spatial_coverage,220kV民生站-#1主变_221000地刀_日常,日常,219|220,valid,,,0,jpg,jpg,1920,1080,3,1920,1080,3,2,118.6455363,140.9685851,40.54795128,44.14798739,4172.805088,4655.612497,22.3230488,3.60003611,482.8074087,42.49557677,0,0.02164441319,1.994679793,2000,2000,18,10,0.5555555556,0.5211825352,0.01616759459,13.09048636,0.005942368585,98.45961468,1,1.213828712,true,unreliable,inlier spatial coverage below diagnostic minimum (0.02),true,true,0.29485616,true,0.852459973
1,ecc_quality,only_low_ecc,220kV清水河站-#3主变_变高套管_日常,日常,296,valid,,,0,jpg,jpg,1920,1080,3,1920,1080,3,3,68.8400299,108.8711164,85.6685328,65.60608599,714.1765767,4851.536112,40.03108652,20.06244681,4137.359536,83.42163339,0,0.08106378384,0.2864150091,2000,2000,183,170,0.9289617486,0.2940934253,0.1965900897,0.4586129898,0.0002081853453,0.1740491207,1,0.9992630403,true,unreliable,ECC correlation below diagnostic minimum after convergence (0.20),true,true,0.1901708074,true,0.9995375193
1,ecc_quality,only_low_ecc,220kV清水河站-113000地刀_本体_位置,位置,264,valid,,,0,jpg,jpg,1920,1080,3,1920,1080,3,1,51.39148052,124.3169502,70.63369263,43.92634226,844.0406209,1956.719413,72.92546971,26.70735037,1112.678792,97.07532407,0,0.1535153045,0.4306355768,2000,2000,139,133,0.9568345324,0.3150638631,0.1166092257,0.5114731818,0.0002321809964,3.841375847,2,0.998716607,true,unreliable,ECC correlation below diagnostic minimum after convergence (0.20),true,true,0.1041319041,true,0.9963001543
1,ecc_quality,only_low_ecc,220kV玉律站-9542开关_本体_日常,日常,226,valid,,,0,jpg,jpg,1920,1080,3,1920,1080,3,1,72.49751543,102.2067188,31.73388397,44.10641657,538.7803966,1295.498232,29.70920332,12.3725326,756.7178358,49.08029225,0,0.0741835347,0.3944707453,2000,2000,229,188,0.8209606987,0.3706324721,0.02075036395,11.01546565,0.005000422078,16.26167675,2,0.9631483267,true,unreliable,ECC correlation below diagnostic minimum after convergence (0.20),true,true,0.1792299815,true,0.999879919
1,match_support,only_match_support,220kV简龙站-#2主变_变中中性点套管_日常,日常,178|179,valid,,,0,jpg,jpg,2560,1440,3,2560,1440,3,2,107.5910061,107.925698,55.75801663,55.07017966,1137.079762,750.7983024,0.3346918403,0.6878369737,386.2814598,40.83365777,0,0.08923978389,0.4541687835,2000,2000,217,82,0.3778801843,0.2085746676,0.1995813664,0.005513809402,1.877227106e-06,0.1381424492,0,0.9990158276,true,unreliable,inlier rate below diagnostic minimum (0.40),true,true,0.5372089617,true,1
1,ecc_quality,only_low_ecc,220kV简龙站-0006开关CT_A相本体_测温,测温,288,valid,,,0,jpg,jpg,1920,1080,3,1920,1080,3,1,119.5639347,110.5543938,49.71135036,58.11737842,1306.134682,2209.802171,9.009540895,8.406028061,903.6674895,59.02057195,0,0.9379148795,1.062281233,2000,2000,52,49,0.9423076923,0.2088692087,0.0351055438,0.2575913405,0.0001169324536,3.644627774,1,1.001916149,true,unreliable,ECC correlation below diagnostic minimum after convergence (0.20),true,true,0.0844654737,true,0.9954513889
1,spatial_support,only_low_spatial_coverage,220kV简龙站-1193开关CT_A相本体2_测温,测温,288,valid,,,0,jpg,jpg,1920,1080,3,1920,1080,3,1,134.3872912,109.1881308,45.01511822,70.11920081,1137.172995,5012.996514,25.1991604,25.1040826,3875.823519,73.0660653,0,0.9436679169,1.05775011,1759,2000,17,17,1,0.3577322472,0.001275473236,100.0117425,0.04539988969,402.5671589,2,0.9189325513,true,unreliable,inlier spatial coverage below diagnostic minimum (0.02),true,false,,true,0.9114144483
1,ecc_quality,only_low_ecc,220kV简龙站-2424间隔_B相避雷器2_测温,测温,288,valid,,ROI boundary normalized at line 1,1,jpg,jpg,1920,1080,3,1920,1080,3,1,121.2320071,105.6209573,46.00397668,69.74240563,1336.017115,3261.676931,15.61104986,23.73842895,1925.659816,60.46369936,0,0.929773363,1.071583048,2000,2000,66,38,0.5757575758,0.4125344431,0.1096325231,0.9264526588,0.0004205591009,3.298359772,2,0.9956099262,true,unreliable,ECC correlation below diagnostic minimum after convergence (0.20),true,true,0.1977746857,true,0.9996479552
1,spatial_support,only_low_spatial_coverage,220kV经贸站-#1主变_变高中性点套管接线掌_日常,日常,176|177,valid,,,0,jpg,jpg,1920,1080,3,1920,1080,3,2,72.70291811,111.008819,45.9300262,48.28432726,522.7693752,483.4751391,38.30590085,2.354301052,39.29423608,70.103125,0,0.03036403872,0.3348607976,2000,2000,422,405,0.9597156398,0.2678823062,0.01346503651,13.08889714,0.005941647166,16.74625419,3,0.9556746102,true,unreliable,inlier spatial coverage below diagnostic minimum (0.02),true,false,,true,1
1,spatial_support,only_low_spatial_coverage,220kV经贸站-221000地刀_本体_位置,位置,264,valid,,,0,jpg,jpg,1920,1080,3,1920,1080,3,1,113.5188619,101.1165693,56.6660642,58.87349966,1253.542004,857.666924,12.40229263,2.207435456,395.8750805,70.08296489,0,0.4426422348,0.4959106319,2000,2000,69,59,0.8550724638,0.2991632293,0.007753488904,34.83960221,0.01581528386,67.68762214,1,1.121209787,true,unreliable,inlier spatial coverage below diagnostic minimum (0.02),true,false,,true,0.8995013503
1,spatial_support,only_low_spatial_coverage,220kV鹤田站-9520开关_机构箱_日常,日常,290,valid,,ROI boundary normalized at line 1,1,jpg,jpg,1920,1080,3,1920,1080,3,1,112.8285716,113.7933218,48.43969889,49.1361927,2730.388222,1805.843907,0.9647501929,0.6964938087,924.5443153,58.30739101,0,0.5356639022,0.7032442611,2000,2000,124,65,0.5241935484,1.530673308,0.002937048699,215.3976411,0.09777880975,254.2529581,2,0.7298365817,true,unreliable,inlier spatial coverage below diagnostic minimum (0.02),true,false,,true,0.9398447145
1,ecc_quality,only_low_ecc,220kV鼎盛站-#2主变_B相变高套管_日常,日常,178|179,valid,,,0,jpg,jpg,1920,1080,3,1920,1080,3,2,93.51758488,108.6581973,53.48346515,69.00550122,1552.275644,2468.324743,15.14061246,15.52203608,916.0490991,68.64478202,0,0.05857502289,0.4065864647,2000,2000,120,99,0.825,0.2725908253,0.2620394419,0.2563224635,0.0001163564525,0.5645931618,1,0.997766307,true,unreliable,ECC correlation below diagnostic minimum after convergence (0.20),true,true,0.09286290726,true,1
1,ecc_quality,only_low_ecc,220kV龙塘站-#1主变_A相变中套管_日常,日常,179,valid,,,0,jpg,jpg,1920,1080,3,1920,1080,3,1,102.5716242,114.3456438,62.9926247,63.06579202,883.7492413,3251.322813,11.77401958,0.07316732884,2367.573572,71.64454041,0,0.1610222394,0.2154048115,2000,2000,22,12,0.5454545455,0.8953396898,0.3118144898,16.69479955,0.00757853067,47.64177846,2,0.9743932748,true,unreliable,ECC correlation below diagnostic minimum after convergence (0.20),true,true,0.09796684679,true,0.9799040316
1,spatial_support,only_low_spatial_coverage,220kV龙塘站-#2主变 _C相变中套高升高座_日常,日常,188,valid,,,0,jpg,jpg,1920,1080,3,1920,1080,3,1,91.18152971,115.3660378,35.35056194,60.19046816,883.6668932,4135.336856,24.1845081,24.83990622,3251.669962,54.47439525,0,0.1455200461,0.9817918294,2000,2000,39,22,0.5641025641,0.1122424059,0.01939204285,2.190136768,0.0009942029322,2.721743819,2,0.9946149461,true,unreliable,inlier spatial coverage below diagnostic minimum (0.02),true,true,0.2444278419,true,0.9996503665
